RelativeRange,RelativeRangeRate
3479.883101368703,-1.0
9894.498897442169,-1.0
9678.615902075042,1.0
2473.8249121880353,1.0
6893.651410082836,1.0
11631.83193278538,-1.0
4553.376058681436,-1.0
14237.257760751234,1.0
10561.783815296818,1.0
8950.764068580871,-1.0
